,perspective,targetObj,targetPos,respObjPos,utteranceOffsetTime,respDropTime,respTime,gender,age,acc,total,accuracy.prop,own.cod,other.cod,meanRespTime,sdRespTime,upper,byPptMeanRespTime,logRespTime,responderType,aq_score_subset,opt_score_total,opt_n,opt_score,congruent,incongruent,stroop_difference,aq_score_subset_centred,aq_score_subset_centred_scaled,opt_score_centred,opt_score_centred_scaled,stroop_difference_centred,stroop_difference_centred_scaled,perspective_cod
0,same,lemon,R,L,1638787860294,1639569228915,644,male,51,44,44,0.9964964358729423,0,1,1633.6572716079445,1462.89772626651,6022.348451485377,1010.0925243256642,6.646215905178943,othercentric,35,1567,12,14.861872731193861,982.3841771100111,782.1828480143596,246.33141332010075,7.706612826862903,0.10238068235499864,18.967533023047913,0.39072859722945286,33.47664187597031,1.1948638548673478,-0.5164271796008837
1,different,lemon,R,B,1638821773052,1639574071667,1388,female,65,44,43,0.9523983067684539,1,0,1633.656558284337,1462.8990206403269,6022.349992388296,1739.059642720259,6.245318712845893,mixed,50,181,11,122.83069422259022,844.9583856511607,706.0777546214803,142.68675924914405,-10.204747212770771,0.053593602062478915,18.678388595678832,0.5267413115587094,-96.2686011134611,-0.2392533964155668,0.4996530850951619
2,same,vase,R,F,1638809851819,1639584651334,454,female,79,44,44,0.9433554965862262,1,0,1633.6591356439026,1462.8985214336055,6022.349465341458,1146.9444751792314,6.179113881385153,mixed,31,1302,11,22.380756423319312,719.928035531882,1021.529076578558,203.36989884111023,-14.670195048556668,0.026088924898219047,79.081415762756,0.41758144017697085,-176.22878549183952,0.40507330587305773,0.5004338628987068
3,different,mushroom,F,L,1639505125236,1638964007517,935,male,56,44,44,0.9773460385686626,1,0,1633.6593306374414,1462.8969405198766,6022.351915077689,1750.1091648957088,8.107835052416915,mixed,49,459,12,30.257330540961895,1048.2441271522096,774.5095377093496,120.70265203400363,-18.61736508389614,0.18888816559230853,60.25162644810738,-0.009198450303468386,-19.565645760408565,1.2261419284658812,-0.4515196678666674
4,same,frog,R,F,1639002110206,1639571174110,3129,male,67,44,44,1.0004328015591901,1,1,1633.6600151494838,1462.8968677885637,6022.349661077537,1170.4133317192075,6.0025867385684695,mixed,52,229,11,83.4166365067054,657.5793577913944,892.0004646223404,365.5861217169136,-4.504116809124019,0.301394898279521,17.45583887531993,0.4815951611997263,-175.58889955455075,-0.38246909350428776,0.4650533482633377
5,different,plant,R,R,1639082808838,1638939269227,1533,male,36,44,44,1.0014886654911075,0,0,1633.6561295485976,1462.8997238334623,6022.353578661065,1806.1624675784483,6.7748079407081185,mixed,70,1028,12,16.638158338418048,898.9048491198205,1037.252573908848,206.51940305470413,0.7084891805830118,-0.006731882464822026,20.950443646969426,-0.25468993361359765,102.53052960132464,-0.7129485612508444,-0.5346784521754845
6,different,cheese,R,R,1638802960845,1639049189178,347,male,58,44,44,0.9783637322011236,0,0,1633.656955270016,1462.896436622188,6022.348656560781,2916.734700871224,6.942299219289293,mixed,57,1653,12,15.407425048510751,831.5740845658129,806.1897827180595,159.19582067155426,26.057065635930307,-0.09728163361474557,-37.44105067155845,-0.18975202105247524,-79.32461049919081,-1.021852310183046,0.4375272968876354
7,same,mushroom,R,L,1639017758427,1639083249936,464,female,23,44,44,1.0000497227733105,1,0,1633.6578908128877,1462.8983555733125,6022.351400616319,952.8910496775841,8.24052826433528,othercentric,48,284,12,47.25765584659796,755.3580525527325,1145.2802620231778,157.59764235336922,7.835555091900146,-0.04507533991167016,26.06703623762337,0.29081451529249625,85.8994748510028,0.17510004306329957,0.513563307390264
8,same,potato,B,B,1638835489176,1639163954490,-401,male,71,42,44,0.9237403933101459,1,0,1633.6585041170767,1462.8966443805118,6022.348433010062,876.4898356534444,6.308551696426201,othercentric,80,1630,12,71.79049475756943,789.8527504086567,883.6530991999342,77.70350337515401,1.2144681443630374,0.055047217943807944,-17.124853979022525,-0.2715938723828226,-77.62451418399526,0.21991890363460173,-0.5275436912343987
9,different,lemon,R,B,1638811085076,1639417266630,518,male,36,44,44,0.8879525485038319,1,1,1633.660019373026,1462.8975815429085,6022.351514861787,2213.9539166519903,8.052812789568032,othercentric,72,1257,12,53.57604746319351,705.2351696131722,1068.399550175815,370.6410717686275,-13.201966411348456,0.041619922499164096,74.46678005554753,0.16878391798377912,-23.294807932468856,-0.7514122271878304,0.4479683822547841
10,different,vase,B,B,1638817186346,1639441635039,196,male,51,44,44,1.0006793050216,1,1,1633.6564771403926,1462.897920479979,6022.348011040343,1926.9347884944502,6.235910313648925,othercentric,48,981,12,26.458295865842068,1053.9843690124974,1254.1646130921636,64.66898900814004,16.654455705898023,0.0738560955682815,57.617153165221396,0.5230659332187991,-80.57706954641115,-0.2388992566635471,0.4489973425151175
11,different,vase,B,R,1638953152853,1638931061463,817,male,66,44,44,1.000634953942274,1,0,1633.6600227636832,1462.89843670472,6022.349606894007,4614.5291417423105,7.40535936469937,mixed,22,1045,12,-3.06175445028674,639.8332981439946,1015.2742268579766,75.76004502997274,-7.61766177509905,0.14158011877074445,48.72848014429616,0.3624042707025591,-36.09954365450775,0.8682019865276085,-0.5124936652082314
12,different,lemon,R,B,1639456116087,1639421664844,1402,male,48,43,44,1.0012353301610033,0,1,1633.655721468619,1462.894845538186,6022.352555498912,1286.7093440259741,6.185149134323383,egocentric,50,1468,12,119.15523690530387,901.8163634909087,1419.780913534105,210.80191131668045,25.60341360886869,0.2626985052873456,64.17989421161869,-0.32624285717460866,-2.109378562136783,-0.4732939850395298,0.4592298335996842
13,different,mushroom,L,F,1638784673881,1639439847754,648,male,32,44,44,0.9988850733853073,0,0,1633.6580417753198,1462.897836930845,6022.349445887134,1221.7497909783583,7.01401416883414,othercentric,59,807,12,78.6923817218252,707.3279602135274,1250.8943652863766,174.60674996670747,19.519134950627937,0.04937941282640998,15.997148894414543,-0.23832213484131304,-35.58420090749432,-0.267338760426454,0.5016214199282747
14,different,key,F,R,1638932599042,1638816348620,397,male,35,44,44,1.0017221178766549,1,0,1633.6578389708025,1462.8960663356775,6022.34966712823,1120.0481615855833,6.179981550609637,egocentric,52,1672,12,75.0215447901686,857.9827215930205,721.5369676396549,45.043744066515686,23.46415095234928,-0.020048097744136184,45.52165904649998,0.22113086167935608,-23.733685983902728,-0.14730173424526027,-0.5243336563057315
15,different,coconut,R,L,1639186816139,1639509400445,1455,male,37,39,44,0.9999941622375205,1,0,1633.6587674937157,1462.8961823430418,6022.349118280258,1456.833739692486,8.190367349425426,egocentric,42,1723,12,101.93635295454223,825.2182144155119,1136.1894686696096,195.11708044136068,28.882563693191074,-0.04376334011165556,-20.22381133598389,-0.3195082069068591,64.85943214187061,-0.4610274105624995,-0.5067054572403873
16,same,mushroom,L,R,1639056048685,1639177642552,515,male,35,42,44,0.9763272191657446,0,1,1633.6576615671322,1462.8956467392281,6022.349953623745,1666.7419435545019,6.96391069467823,othercentric,62,1353,10,45.07367650407803,806.5979711237513,910.1932417243537,115.4049926625564,7.527365345152303,0.06095344180491878,3.4685381060245675,0.10891125781185435,72.35582454391584,-0.13491825389893342,-0.546629483190221
17,different,cheese,R,B,1638835287027,1639069463262,213,other,67,40,44,1.0020184109841381,1,0,1633.6599159889706,1462.8979817534394,6022.3504129530575,994.9741011260121,5.922300454102082,egocentric,50,1282,12,70.54640025630401,828.2026980096335,1017.9446626423278,127.63504067890847,-15.294108401300118,-0.008140630764725982,47.00161029273549,0.25943253394780497,9.970878785286736,-0.29449547559002714,0.4559925962360237
18,different,potato,F,L,1639388366774,1639412091004,905,male,31,44,44,0.9776334436736144,1,1,1633.6602184821227,1462.9001311984923,6022.348858150416,1488.3705577190362,7.256391283976114,othercentric,53,377,12,6.751388537855886,800.112075627049,1156.4817039178338,66.0839268566973,-8.774294899843092,0.09741497893585505,-15.959787060413703,0.20520877375528784,29.981227598560505,0.15864953435442597,0.4593202062177183
19,different,clock,R,R,1639001956372,1639477015443,1592,male,29,40,44,0.9778865883678078,1,1,1633.6592935299595,1462.8983979403179,6022.351881601743,4175.498421675663,7.343041722692832,othercentric,33,637,12,89.65364876622928,881.8683356601596,1338.616450784258,207.30582250046604,11.634879461213822,0.06024208056410626,55.60716430547531,0.4714492963608838,-82.93334944361405,-0.378608024385234,0.5415455897976166
20,different,shoe,F,F,1639061581880,1639187868947,2990,female,30,44,44,0.9578351217159865,1,0,1633.6569378906333,1462.8964022958364,6022.35199363157,1278.7233725461124,5.897607117751944,egocentric,56,210,12,118.65600129841819,771.7048139246215,1352.2918609062785,268.95605217502003,17.026772344907545,0.06485480545892541,37.232457225435894,-0.43129941604451955,40.69493672393125,0.007618099545287693,-0.5420062883810143
21,different,lemon,F,L,1639058703728,1639011656702,209,male,68,44,44,0.9716990322095986,1,0,1633.6538848679857,1462.8968266549145,6022.348577947069,1073.9801272718182,7.919882724558307,egocentric,49,1131,12,22.044564234275196,990.1602850060176,781.5540491880968,274.44314721172975,13.746594494577487,0.1823439054305032,16.1290777107079,0.16828798337509387,-50.323082671807455,0.9690696707703983,-0.5411037022212188
22,different,plant,F,L,1638837782765,1638881345746,323,male,23,43,44,0.9995753896983243,1,0,1633.6579246924039,1462.8962188318194,6022.349361573499,979.8736658370257,6.775751684356089,mixed,47,156,11,4.654239527562893,1005.1355530495229,630.996936648695,73.28688307190274,8.12957336010044,0.19820454779844152,61.1526221327767,-0.3475670589629735,-42.30182051685931,0.014325540617270316,-0.542082547033279
23,different,glove,F,L,1638777267367,1639013721899,1363,male,34,34,44,0.9749763119327,0,0,1633.6574770177901,1462.8959809632963,6022.353500996088,1229.33618728,8.023101211268898,egocentric,64,1601,12,96.2076474609339,825.3886289760994,835.2793014802897,201.2266820211675,25.509054151667364,0.0755507025706751,-22.296899725401854,-0.6142808583416274,126.10893283392771,-1.2433275659862746,-0.5331606793993341
24,same,mushroom,F,L,1639085033698,1639081566570,1448,male,40,44,44,0.9032608080507704,1,0,1633.6588808554664,1462.89790293713,6022.352550566559,1193.1530892615244,6.61819348221167,egocentric,56,1385,12,28.09010772070728,1496.5564790519297,595.6489660639905,333.9691986598364,3.690573754935147,0.15072674154398108,-9.56316521527653,0.21122614754647337,-1.7283453789326741,-0.9160027803316177,0.4921462074469501
25,different,vase,B,R,1638973867424,1639045843976,763,male,54,42,44,0.9785890202140728,1,0,1633.6573305694205,1462.898616150228,6022.350983876356,1154.4362165222133,7.109770000372302,mixed,50,1712,12,85.59875169829891,898.916656148297,685.7325451692925,212.4481754340288,29.61486619649848,0.16704958901207423,46.567733853128246,0.14737546831969234,-49.307431664067565,-1.6702363611390494,-0.5046623729953695
26,different,frog,R,R,1638967525649,1639555821887,900,male,36,44,44,0.9991983243795496,1,0,1633.6592036177117,1462.8992135902104,6022.350748132472,2090.5189025316517,7.186371341458637,egocentric,49,339,12,17.415414594795852,744.4112809066365,803.8479942845921,212.88224088277332,10.859227113353866,0.26264214550989173,63.068836194161314,-0.25851596626323303,25.194045576377096,-0.5730354073608498,0.46918856919534063
27,different,stapler,R,B,1639456746841,1639007775449,613,male,45,42,44,0.9516103400304772,1,0,1633.659955361976,1462.8975591452388,6022.350712112063,1284.0915360972447,7.566791779317896,othercentric,52,413,12,93.77419155744644,934.8732022744887,607.2938895312075,40.76562547103437,4.987379547525212,0.3349569333593336,-28.225908721511637,0.18477121999954205,44.81366768502738,0.1843591793380026,0.48803124751698485
28,different,mushroom,R,B,1639116766277,1639581978301,614,male,39,44,44,1.0010383205956122,1,0,1633.655320924891,1462.8962415096998,6022.349285062737,1436.2632168024006,6.909444021601705,egocentric,54,1596,12,110.37130212747607,773.5479470071299,1168.8746333148215,186.89866918239036,-4.400809314232509,0.04121112750639315,-30.70015750734111,-0.2905286329913448,-94.50295777717135,-0.45754397706584193,-0.489341740991078
29,different,clock,F,R,1639360377746,1639496868626,1025,female,67,44,44,0.9765297552272872,1,1,1633.655526749272,1462.8969179055232,6022.353353318475,935.9323641321557,6.995046308749793,mixed,55,1536,12,8.641947091944225,1043.508921628451,1046.489597800364,138.9316587355106,9.82681767448426,0.04947463385571399,-20.288255411497907,-0.28321042948112596,147.97718136306534,0.7804989277850352,-0.4976165480123106
30,different,plant,B,B,1638789968329,1639177670894,208,male,50,44,44,0.9953846044038817,1,0,1633.6584504614284,1462.897792139871,6022.353779432356,1658.5792916970895,6.935272822375349,othercentric,49,934,12,12.991774098822896,957.938348961865,665.282619996196,222.45129210624037,2.504420833046097,0.3322921422284152,-30.12913525561316,0.027692840043743838,103.64301343135334,-1.129762637228345,0.4440508585230719
31,different,kettle,F,L,1638811554930,1639493742866,172,male,33,42,44,0.977191250042392,1,0,1633.6585870573094,1462.8953173546652,6022.353013299729,2271.6981734063356,6.840348412765408,mixed,51,1006,12,26.006284114011883,702.730968451028,1128.6129409745197,93.86747652659228,-9.402797654761402,0.0027582217247038993,33.75019086168454,-0.1276609599830437,24.805793171949883,-0.035393993149046316,0.46143172293055457
32,different,frog,F,R,1638839698838,1638867459264,-730,male,36,44,44,0.999220409354586,1,1,1633.658375076397,1462.8981354534387,6022.350606528574,1072.133369300143,7.035985308567427,mixed,75,1688,12,66.65334084718529,626.227715270506,916.5289802419306,92.05749929225192,-13.980417318466653,0.15083045545280807,-40.53156890946504,-0.20749051810775584,-43.88639129362217,-0.3887825896163676,0.5391015578403121
33,same,key,L,B,1639451996093,1638906793085,1634,male,42,44,44,0.9734934342152576,1,0,1633.658777404666,1462.8965010688698,6022.35042038189,881.1438654395682,7.865431966259277,egocentric,57,364,12,0.24887055498930089,1060.3616987479525,996.0402480637722,117.59461921075888,6.156122544956931,0.23931308925028244,71.00811164846566,0.6273733567730351,-2.3402691425944027,0.7806174059697627,0.49491772273910284
34,same,crab,R,L,1638922026251,1639457285846,299,male,35,44,44,0.9974273601409236,1,1,1633.6577376398777,1462.9001128225798,6022.351151812902,2019.0303247497507,8.644087974017397,mixed,59,1580,12,35.97724366260453,653.2393977378059,793.3734407920275,106.15849899469677,10.839283021781947,0.11445205815396071,-36.83871509060581,0.059131780941407,72.44907119996905,0.04834883353937386,0.46488519619466834
35,same,shoe,L,R,1639085315417,1639613118955,471,male,34,38,44,0.9767545620429151,1,0,1633.6566051818568,1462.8972950541577,6022.351057048992,1154.760252205549,7.579569271883668,othercentric,78,1376,12,41.57966491277748,596.6817437841586,1040.1885745111472,162.8792956646966,12.68448697575113,-0.15690679169390923,26.380688593019865,0.6479719755089228,-4.3370807961536855,0.8953717032999676,-0.5038467461648941
36,same,frog,R,R,1638889476938,1638996926334,1232,male,68,42,44,0.9971591388253959,1,0,1633.6590291971952,1462.8962548101151,6022.350211080858,2050.9835757895453,6.877638371087746,mixed,21,1423,12,53.65191977975782,957.4317987958482,1306.4963148516983,157.06791782601522,-12.1388873148735,0.11045589287551533,-30.832126964262255,-0.31807090003790195,-84.22066570366434,-0.2360837942295983,-0.46878321306373083
37,different,shoe,F,R,1639172215825,1638928326933,791,male,37,44,44,0.8886507540656887,1,0,1633.6580328064308,1462.898207446405,6022.349521298267,1531.4519608063815,7.003779841627321,egocentric,38,314,12,-12.102340422614573,865.5482829065794,734.7643527278904,167.799762223183,13.915546850622194,-0.07826915635120717,-28.23978246143158,0.3510992902684281,-160.62887729106853,-0.6968533348229868,0.4485027118977207
38,different,cap,F,B,1639104253546,1638995950442,2360,male,56,43,44,0.9806682105115326,1,0,1633.657555262437,1462.8979776932144,6022.350532668387,891.59053447588,7.424341400443246,othercentric,57,476,12,3.9755186376603167,767.271616814254,1027.7276061655086,175.2955177525721,12.630681731774391,0.03110778360797458,-13.833160615008776,0.303992852041405,-49.291913900020674,0.3829469381378844,-0.5107804827190983
39,different,potato,L,R,1638917870787,1639517235864,1075,male,24,42,44,0.9996268972671724,1,0,1633.6573474103122,1462.8957739475131,6022.348551090938,2203.0348082689243,7.784307255296659,egocentric,57,1487,12,50.07798060300611,866.2250547516455,650.6420283817272,108.42804157746218,4.047178440137545,0.06654118352076921,12.779691843029312,0.12086132688741646,-72.99488994684245,0.7181325607391629,0.5142465209174286
40,same,lemon,B,L,1639075083258,1638943594841,1839,male,32,43,44,1.0004355609980775,1,0,1633.657746858227,1462.8992442853837,6022.349142137503,1157.8920333315,6.758308367264847,othercentric,76,1498,12,9.823474851605262,848.6494623332865,549.4380113306419,148.7117295412844,-12.227010254783638,0.11464352529011518,-11.842976661647974,0.2399068465719919,-60.411089436019324,0.7255720556696089,-0.5348757209257762
41,same,frog,F,R,1639095760356,1639081303524,3515,male,42,44,44,0.9755758920290025,1,0,1633.6587585324548,1462.8967852528544,6022.350105274249,1260.2192257182062,7.753410723354626,egocentric,43,1406,12,16.701693115983698,876.526297045822,816.5284560035736,93.9727642890317,4.939033267271321,0.10007947921753291,29.742932881395284,-0.05282739316982326,-202.18533057000383,-0.06048326158002487,0.4518896401661124
42,same,clock,R,L,1639429146241,1639024782863,173,male,51,44,44,0.9615842874814322,1,1,1633.656900920575,1462.8989768943177,6022.352793730362,1336.0147962990486,8.1882798503866,egocentric,55,1349,12,62.4075320838052,756.206865845913,922.7513741009063,229.29791760122345,-10.12761900484389,-0.22408146586441158,8.81933329353598,-0.5225399858033442,84.16926982447043,0.18646012183384703,0.4817530052963189
43,different,glove,B,R,1638847436744,1639523340826,610,female,69,42,44,0.998792735146719,1,0,1633.6573160717628,1462.8980028654107,6022.350879402603,864.7615112793885,7.67475890517812,mixed,47,999,12,50.19114764948932,1102.041778526996,1013.331197479159,246.28456226060504,9.244653337513022,0.15775452111870017,69.86386412861275,-0.18579082026937618,-92.34381931676562,0.04547269567620399,0.49606365708779687
44,same,cheese,B,B,1638803957089,1639020298472,1137,male,71,44,44,0.848855848667084,1,0,1633.6559245871965,1462.8972144751563,6022.350510807659,2262.411531461077,6.9010286752968435,othercentric,57,1157,12,36.456937976513245,726.4161819007968,1402.3522987402812,199.95699840915,-11.638236687210494,-0.10807297776566523,63.656159559605385,0.38925695820144346,-7.58611036948977,0.019115543094100462,0.4997652626548825
45,different,kettle,B,R,1639068527699,1638819555214,930,female,31,44,44,1.0025791955641261,1,0,1633.6588048769984,1462.898095821792,6022.3498819970655,814.2738918793656,7.031095148894376,egocentric,56,1545,11,25.917366774122037,1009.2187684576859,1198.2177618532867,248.42451941545957,4.374680529448602,0.11767340577849572,13.792503182475492,0.3702683417068747,-60.42697839347191,-0.25172226729438385,0.47059498707923325
46,different,clock,L,R,1639144530034,1639514877511,280,male,41,44,44,0.9968570395921011,1,0,1633.658146289038,1462.8972388289974,6022.350460685782,1354.4374371519284,6.747151588904149,othercentric,55,259,12,46.00342513236019,739.6998839442124,1003.4283421667401,122.79768980519037,-9.399710865142305,0.09270825956400462,52.0791027078064,0.7486080641621485,13.497685753545285,0.6083965646525468,-0.5326966735540511
47,different,vase,L,L,1639037023292,1639001846516,341,male,35,41,44,0.9580426373527081,1,1,1633.6577498184965,1462.8982442626068,6022.349266933544,1754.607833512263,6.62006470800056,othercentric,61,359,12,40.5847181213048,992.8192840751254,905.5133108766297,99.22553191169186,25.831543052837212,-0.08620113817042083,-48.317924868647125,0.20556612432099736,212.23335994552903,-1.5821780683550428,-0.5121647916412565
48,different,coconut,L,B,1639170478090,1639531898008,216,male,29,44,44,0.9004915610557364,0,1,1633.6542966104294,1462.8994456992168,6022.349424341061,1238.2206063528163,7.134970750925428,othercentric,60,1618,12,31.777928356261853,1015.7653296354363,769.307375304403,174.68613880055057,-4.276741699015885,0.05147989867921325,52.80847628699095,0.40796466742720394,3.043728853509826,1.6115136385827418,-0.5420674459992159
49,different,frog,F,R,1639410651027,1638539962098,770,female,44,44,44,0.9724048520531087,1,0,1633.6581039502803,1462.8985595678018,6022.35131386398,1325.2626507342452,6.621689746607266,mixed,57,966,12,-1.3555828954544342,860.3782517080034,726.4886501138312,243.0811478666553,7.174042285083203,0.22796618608072422,-3.187814619137175,-0.3709485485691411,-86.63412291102055,0.20703608575517796,-0.548665772642662
50,different,plant,R,L,1639436807427,1638842251617,312,female,39,40,44,1.0006002986671756,1,0,1633.658565910755,1462.8948680043886,6022.349077633611,1127.8727839028882,5.855340602917966,othercentric,56,459,11,17.67554438094857,895.4350802445105,1127.089085917523,-14.717634867332194,8.260603356933064,-0.07770152921413953,21.863721095758258,0.71069959078531,-47.387543155006554,-0.8282536231453195,-0.5023504352905109
51,same,potato,L,L,1638878829813,1638879535785,453,male,41,44,44,0.8662564704492193,1,0,1633.656878677954,1462.8975927557779,6022.352885715525,2850.4027692126624,7.302898958271321,mixed,59,1698,12,95.21618776106624,705.981558287932,831.3409801565167,92.641082495755,0.4525319262088576,0.23598937654422703,74.48560770704165,0.1636500350432099,89.06040187537303,0.17958880154689333,-0.5583685166765655
52,same,key,F,L,1639100842186,1639510392046,1028,male,33,44,44,0.9044680815890433,1,1,1633.659064041299,1462.8950704829272,6022.351665259091,1186.359491158104,8.365016907016548,othercentric,52,1246,12,108.03931057812272,970.2252799813342,1212.4214361968006,207.18209262949375,6.913085589435296,0.08282284435058361,-43.875008640694915,-0.13482817731018842,89.02487331727724,-0.9583240939805523,-0.5342712400321146
53,different,potato,L,B,1639000088991,1639042651540,190,male,38,43,44,0.9134424091711689,1,0,1633.655283680462,1462.8988730674791,6022.349321227324,2316.65755948689,7.397214807233295,othercentric,59,420,12,19.88095621751159,677.7169328908274,1200.4414159737266,65.63946981191593,-0.018808911120004268,0.06001309692067036,-12.94801949680991,0.3821380905899522,-53.66856938610611,0.2523862015288932,0.43830514610724314
54,same,cap,F,L,1639077021415,1639484286452,1811,male,48,37,44,1.0029140922489608,1,1,1633.6594701073002,1462.8971810728683,6022.349823699764,979.8939764712989,7.289747608356633,othercentric,43,278,12,93.6780229354203,897.8130548876904,923.0128207759615,119.13282476203581,5.781757973528121,0.1233129824098935,65.07045626934473,-0.4121191036008863,-85.94774094584493,0.40756756477927486,-0.49760505713227365
55,same,clock,F,R,1639519882968,1639116688896,-6,female,40,44,44,0.998599185877383,1,0,1633.6556249929918,1462.8960209727652,6022.35246511027,1484.6922238999118,6.080176884177569,egocentric,79,1609,12,99.2465053437229,758.6820094302266,937.0583874438018,126.3191196465641,8.39389564202234,0.11546422198153852,-31.7232160525475,0.7901843056482447,-75.74524623975853,-0.7597021910965166,0.4734806849439103
56,different,clock,F,R,1638880030632,1639485281842,879,female,40,42,44,0.9768825075853749,1,1,1633.6577516984473,1462.895034162562,6022.349697495875,1070.307259836613,9.191563449654874,egocentric,64,1557,12,107.69201262102241,765.2749408502794,1327.6441074453612,74.62805847300143,19.151305853433122,-0.08291967689666957,46.3319456883682,-0.6116737387981828,-13.448380314229894,0.17311569492038503,0.48283360347025633
57,same,shoe,L,F,1639072244391,1639203127634,1686,male,51,44,43,0.9712357324256404,1,0,1633.6580554876487,1462.8988719289368,6022.351340109273,4378.173693534859,7.178261453499596,othercentric,63,1433,12,-5.051781640379959,1021.4406345004426,1364.0919972737963,119.80395597571778,12.095215962550178,0.13195132063131373,27.347890663401273,0.540302398338864,-84.07342918760959,0.7197028356154632,-0.48514059978925794
58,different,lemon,L,R,1639171800328,1639113079800,1367,male,35,43,44,0.9579512523558822,1,0,1633.6572397595091,1462.8969744178669,6022.351927436401,2222.980487052052,9.125678002515546,mixed,55,1358,12,104.09738890737994,784.3840462228894,1232.3687565129314,273.73974254914106,9.757466931191232,-0.09967546671360207,62.4136723821589,0.5866987715155169,-90.61497428813874,-0.41912738158165125,-0.49985254423931874
59,same,kettle,B,R,1638996787972,1638895063939,638,male,65,44,44,0.9754918384570354,1,1,1633.6562506318464,1462.8986601533254,6022.351246723801,1789.4319847371753,8.203351996426349,mixed,66,274,12,17.2748814155402,864.2415813006651,1353.256668245908,81.52974284459492,0.9177916348512252,0.16708544631931627,27.72895041954569,0.23052720377044855,66.33079484636723,-0.28275968297404985,-0.5355192752405122
60,different,clock,B,F,1639503651330,1638856118760,814,male,52,39,44,0.8950020948712515,1,1,1633.6584782595016,1462.8989631740628,6022.350629765921,933.6488397847742,6.8569083955504535,mixed,51,1075,12,78.97564577825014,754.6278269855203,1149.3668812788258,58.48173109664336,11.691115002712925,-0.08860563582517914,14.01299671066819,0.1617144956383777,-0.31034070923961443,-0.3143291035107795,0.4867040966003328
61,different,coconut,F,B,1639074572478,1638802085081,1821,male,31,42,44,1.0008267672362503,1,0,1633.6566664683105,1462.8963613259516,6022.349598006761,1380.5133517591078,6.577105603670819,othercentric,54,993,11,66.00081606515323,775.3036137516423,1239.3381812482455,224.79161221854443,13.47329343284911,0.13072634317649023,13.69282203930744,-0.4716736198402254,136.06533919397074,-0.5828851906186694,-0.5485514407269101
62,different,vase,L,F,1638864519014,1639559944550,652,female,63,44,44,1.0007249286938522,1,0,1633.6584164944284,1462.8989133611515,6022.350478129735,1160.4401403127777,6.146896422997294,egocentric,45,822,10,59.353460242732744,757.512187462884,756.3446769749346,99.42529561105226,7.283626611943854,-0.0804678298881151,61.32017157251872,-0.4135819642970476,-74.64981338976673,-0.935783115508954,-0.4867876126597246
63,same,potato,F,B,1638819023168,1639485253951,442,male,48,43,44,0.925379465762977,0,0,1633.658557725765,1462.8990945368803,6022.351642379305,811.9533854170445,7.051996527125951,mixed,58,382,12,10.658312991897741,781.5200089146499,1205.5368572833825,270.6056991723152,5.21788364215239,0.08258089880231592,-36.10381963598813,0.7329069269480997,-16.31822086240396,-0.5686035838829997,-0.5101535767674279
64,different,stapler,B,L,1638881429157,1638967712041,1248,male,39,44,44,0.9758786328314377,1,0,1633.6585808234252,1462.8963305372158,6022.352716555129,1362.644761362943,7.341933319265065,egocentric,56,445,12,20.522946417913648,1062.8511074677692,1360.064587458634,62.35622034468224,3.3202121167146252,0.1350066999004806,62.03976100519617,-0.17945876955373521,-41.595482360549454,-0.5605429491621023,-0.5209099823344263
65,different,stapler,R,B,1638865602912,1639451903200,215,male,67,44,44,0.91476102424049,1,1,1633.6591416793392,1462.898348305354,6022.352327991869,1373.3852284278214,6.89452226010776,mixed,64,1556,12,37.54520510597901,763.5048789434675,741.0016991980398,151.05341087585126,12.928379489731498,0.025451508238529208,55.18082243645343,0.2533400450177788,-100.08347640241146,-1.1759569182198217,0.4922056260412803
66,same,coconut,B,F,1639169787522,1638932726056,536,male,62,44,44,1.002149308635035,1,0,1633.6578076581168,1462.9001732329634,6022.349146346266,1423.4340303430424,8.148415676937033,mixed,44,1105,12,28.56051529221478,1003.1207990548311,833.2786490484232,110.88290487166111,2.8841383471701576,0.04462508771846624,-27.908553200224645,0.46201728711498213,124.39675542186765,-0.4822171836430875,0.4969733983065482
67,different,key,B,R,1638789486817,1639040676755,605,male,64,44,43,0.8898548405147217,1,1,1633.6598315636566,1462.8971638737573,6022.349149386272,1482.8084687400737,8.41019415857205,othercentric,55,285,12,29.567135524116324,1003.9718133995441,744.7478783346892,258.44912711478287,-15.828040347952342,0.2964742498466553,43.84924167514454,-0.19469520581144506,-102.36773165935833,-0.5472584662893254,0.45069675899545353
68,different,cheese,R,L,1638492218691,1639017713030,424,female,33,44,44,1.0011724011089815,1,0,1633.656995909661,1462.8987166673378,6022.350321749707,1280.6133245279614,7.075529604642484,mixed,51,1579,12,31.242803521097947,789.0075404835983,936.9729205172662,60.072232278745986,6.218173994102655,0.060518003752499806,47.106325709834266,0.023691043651401483,147.23281078872031,1.245465766247691,-0.5015317805165779
69,different,coconut,R,B,1638441410155,1639004124093,399,male,53,44,44,0.9752579114143705,1,0,1633.6576557809174,1462.897503428683,6022.347204508503,761.4699446099888,6.371140530302603,egocentric,45,1515,12,70.01461911719171,809.1207744392049,1179.6927496703302,81.41124624871594,27.23461381072995,0.08781255588578675,-21.407021502581713,0.03091630666533371,-86.14187007897085,0.3169886676596382,0.45729533706217573
70,different,shoe,R,B,1638908923378,1639626419936,283,male,35,44,44,0.999439556910591,1,0,1633.659488810026,1462.8970635362639,6022.349621691303,1099.780820426701,7.371164990030568,othercentric,55,1465,12,63.99066354531343,830.7157998183897,942.8380176146911,91.43695668625756,14.12881333425794,0.013869539714647244,60.308539292284024,-0.6232724656592773,-15.333464394768633,0.7204025289867984,0.5277458401174364
71,different,clock,F,R,1639083300765,1639545517918,451,male,39,44,44,0.8973624774037489,1,0,1633.6570648218064,1462.8997043455267,6022.351425309845,2255.667553691892,7.9275227727254824,egocentric,36,771,11,92.8451884272041,834.0897032752603,1006.1534492616134,181.7053754304535,0.9376724375424921,-0.2657695612487123,62.738022807017984,0.5349217101122742,-92.45806554224147,-1.1629336454809,-0.48856046991009844
72,same,lemon,R,L,1639181087690,1639457115535,287,male,30,43,44,0.980724709906334,1,0,1633.6574945028328,1462.8994124705855,6022.352831980141,1504.3883945590837,7.298298394743082,othercentric,54,1030,12,6.995580150461752,822.2764890166443,987.0517529772442,76.30417112280915,4.781974169935166,0.2110043938352354,-12.326485002871618,-0.21088893652948004,-52.56283559774343,-0.449779110556004,-0.5159696770224232
73,same,plant,R,L,1639136133421,1639562455167,174,male,73,39,44,0.9065397070078105,1,1,1633.655628672203,1462.8990947928958,6022.350002672423,1693.686364099554,7.895241384751852,mixed,51,1435,12,99.3721975070851,1093.9080443292592,1025.1211625575124,135.0088649234312,7.47259096434016,-0.15014226691193336,10.510776840024274,0.14260633324601896,-158.9276313781014,-0.803544910729854,0.453081189980913
74,different,cheese,B,F,1639067476936,1639213812373,91,female,62,44,44,0.8281172269723914,1,1,1633.6585303030145,1462.897610668586,6022.35053179903,1422.991047782398,7.6104848791220405,mixed,60,1656,12,6.841131984366799,1201.8572859558753,943.5853466713593,6.217837520656531,-15.729969753588215,0.15629973093746063,-24.27748863534504,0.25116338670765914,43.864304837753,-0.4653150017801335,0.43884432243263616
75,different,plant,B,R,1638982099575,1639617544635,717,male,26,43,44,1.00414678871861,0,0,1633.6587307564314,1462.8976964798762,6022.352060030907,1057.4154839498667,6.886600022082634,othercentric,54,217,12,-4.6553738740794675,945.8640523562208,910.0065077830453,129.83702168673335,20.687614120146684,0.18060870463088607,64.41573229180268,-0.37195528033890324,-28.633094427782943,-1.2208391729909254,0.45596050235285224
76,different,glove,R,F,1638812878430,1639049769701,257,male,43,44,43,0.9757373589162919,1,1,1633.6560112112886,1462.8959565095163,6022.349948104988,1584.6514440671956,7.3278100524235015,mixed,61,789,11,98.43644695771349,832.2790854811349,1145.9504740095188,135.52198660738802,-3.4813521470852935,0.11553211938078972,-27.422646267675944,-0.4749680647365171,-9.730811345813402,-0.20274228910673536,0.4875720106759183
77,different,potato,L,R,1638854463191,1639446729596,1698,male,30,44,44,1.0034594930228735,1,0,1633.6581711193328,1462.8966679624325,6022.351521872539,968.8933859009743,6.840012858260786,othercentric,60,1391,12,20.576246123023058,641.1990734317582,1282.24049705424,177.28764767911542,-12.385713600225696,-0.0607388732299879,-22.7859429013233,-0.29801412859094045,-40.34107000788415,-0.4634655926174278,-0.4642941896190966
78,different,glove,B,L,1638835849960,1639496321804,1071,male,74,44,44,0.8067710333195047,1,0,1633.6581228993675,1462.8969086263883,6022.351012640641,2002.6817208801444,8.285319647494182,mixed,66,1594,12,85.2513567660701,686.5708293796254,831.8056328086421,30.496289603900735,34.29862032508396,-0.030046086192993177,69.76531585308769,0.6440548437066745,-146.4376017227809,-0.10900692709664322,-0.49952315069131126
79,different,mushroom,R,B,1639060278769,1639455725589,795,male,71,44,44,0.9483224983494567,0,0,1633.6591830599455,1462.8989241835313,6022.34955306494,2175.327976959226,8.197959033619886,mixed,55,1103,12,8.910193689454449,906.1183458126345,908.6118449899743,153.5572963736616,1.9020809536133996,0.23857736326166876,-28.06955753337016,0.5248075328669771,-12.747630526946523,0.09261608172007985,0.47338834036899724
80,different,vase,B,F,1638984551244,1639123940309,63,female,40,44,44,1.0034071038181205,1,0,1633.6559488759012,1462.9000621434107,6022.351560799901,1137.74602281037,6.697657953849664,mixed,57,139,12,63.61360933893235,752.605333972977,1287.6682333106396,195.53184141005792,3.4793217105945984,-0.0056504885150839065,-19.52475805421568,-0.20794751606883236,138.66113644932477,-0.17217013079207208,0.4386783543347068
81,different,vase,R,L,1638888486386,1638826135989,844,male,33,42,44,0.9786799219480197,1,1,1633.659024917873,1462.9007715428386,6022.35094008443,1007.2498141677269,7.44388051956864,egocentric,52,312,11,68.02555749484156,675.9936276373422,810.7734210539982,145.41060080509286,1.94540776519744,-0.06598837765540341,-5.243816826554246,0.7174209899180537,-126.90059815185703,-0.8701951484297021,-0.5497837649396666
82,different,frog,F,F,1638841134316,1639011692117,147,male,51,43,44,0.9562842707041171,1,1,1633.658516872565,1462.897111398725,6022.349492140379,1936.2863606010071,7.202069103661176,othercentric,61,1652,12,60.0039624233076,947.1380088576726,820.7349345540399,112.42947677114736,17.213197111737976,0.06737436756320016,7.649225715149274,-0.04868913512157119,-37.890068678872616,-0.949583789121061,-0.5045050382277535
83,same,clock,B,B,1638980423522,1639195973340,290,male,38,44,44,0.8884100386274368,1,0,1633.6557239325307,1462.8986482664188,6022.3531902324885,1671.8220386534151,6.098395888477974,egocentric,56,644,12,36.26269027401335,952.4599328526185,1016.9474051767176,174.22381913822738,-20.430925457646033,0.30219426710460073,60.48910739158518,-0.24936895204946188,-175.3712508362237,-0.9692906938080452,0.5194573599773548
84,same,plant,R,B,1638524168208,1638888220364,403,male,84,40,44,0.9274976802511008,0,0,1633.6596662684035,1462.89700217339,6022.3525556173845,1326.66207619494,7.417065302509224,mixed,54,1563,12,56.96309358601278,758.7526310657095,952.5914386608504,146.98868070911692,-8.5757862517613,0.34176862840726197,21.682943592180617,0.31749741579066704,-40.867427620217896,0.08766279266459542,-0.5102995067111672
85,different,lemon,F,L,1639199107109,1638924483699,114,male,56,36,44,1.0017600176174504,1,0,1633.6583291190948,1462.8973855079953,6022.352741179943,1039.7504714576578,6.328340402940628,egocentric,61,1530,12,19.508503430722495,1326.8342027309745,1146.5414775977285,116.12233386192315,26.54497065020032,0.0018504926830112747,-31.941752327563385,0.45598847861874137,73.19033784377828,-0.3080240976205424,0.4735061949987966
86,different,clock,R,R,1639131473696,1639575243280,612,female,54,44,44,0.9759399458946624,1,0,1633.6580688051079,1462.8977773961199,6022.350951332846,1407.5488560133806,7.6607203211516195,egocentric,48,964,11,28.02896673495571,684.6567344194928,878.81780274463,156.60726906676896,26.779075663303004,-0.16218314074773652,16.328766585026692,-0.03138725075111071,45.210390743849686,1.331277456445548,-0.5623400168749789
87,different,cap,F,L,1639090624730,1638969706667,475,male,63,44,44,1.0011529465828661,1,1,1633.659981198574,1462.8990126968113,6022.352204090214,1926.5710748055242,6.553755516307668,mixed,23,462,11,13.93850306506878,1112.9161577999312,785.6238766054198,118.97573033345844,8.663661093141375,-0.0018909522615632446,-8.419351148782683,-0.04236287339877004,48.528050151030314,-0.3613102030934643,-0.5207849559085099
88,different,kettle,L,R,1638974615251,1638988748787,178,female,29,44,44,0.9978100356907609,1,0,1633.6580024727543,1462.8964175952713,6022.351247366671,1363.2883910498297,6.705848541537542,egocentric,40,1642,12,25.600367823218498,732.0451331594671,1176.5670033687686,272.19024257778557,8.378503299086592,0.29914468654730647,-31.897246974496422,0.13321584953642773,192.0340842188141,1.6908070352720708,0.4742111228488201
89,different,glove,L,R,1638815354843,1639015381111,561,male,32,44,44,0.9312032888031158,1,1,1633.6588127066896,1462.8986303746476,6022.350911186371,1358.6988717983425,7.473866639621783,egocentric,60,1531,12,-5.479242550075282,795.1784234396906,1044.5029480026199,162.65154402250928,-13.486660776096157,0.09968341447502421,48.191949918495986,0.18142148705922456,10.43359394928271,-0.9906195834167177,0.5121807233979104
90,different,stapler,B,R,1639099688093,1639408325562,265,male,40,44,44,0.9494998753830407,1,0,1633.6593802751465,1462.8960496851287,6022.350063334473,957.3691114252913,6.32369848180033,mixed,64,232,12,39.934170628440675,780.0404701510887,858.8047733372979,117.55012625597438,-6.849365736062927,0.32034811728831936,53.281706766338615,-0.1818135979536184,-68.352814703767,-0.3499787715225866,-0.4964124866607889
91,different,crab,F,F,1638477043850,1639533254874,375,male,38,38,44,0.8850977678134038,1,0,1633.6586429940949,1462.8953175844595,6022.350201981637,1652.7055010715255,6.930868242555586,othercentric,48,1071,12,28.161900928306355,828.0065684487688,1003.6566349620444,76.59442053381005,6.308728028863115,0.15864335749349273,64.27777763458234,0.4072699924917448,59.15226854394605,1.6185322740583699,0.4443901627705295
92,different,shoe,B,R,1639093615841,1639475962883,372,male,54,43,44,0.9753222247562132,1,0,1633.6576346968175,1462.89784245504,6022.350473686411,1436.9126332516096,7.628647726333355,mixed,35,331,12,36.28828089944731,990.0101684165335,968.7148804059905,170.29198454105472,7.519887866190305,0.033479753229824605,-17.346924652153987,0.16238876942387348,-68.7215166250212,0.7262655890750099,0.4688011036056554
93,same,cheese,R,R,1638781344573,1639537838729,7,female,44,42,44,0.9761014982689444,0,1,1633.6545651374156,1462.9009878686265,6022.351817164358,1079.3108491934386,6.491598065264659,mixed,63,1638,12,35.614292440813024,828.9845288219416,795.2065485849494,45.720536261100165,22.442812321282126,0.07091951547409787,25.706256922296056,-0.38301625187156885,-112.31093108272215,0.12905568062892603,0.47863693499407073
94,different,cap,R,L,1638833462761,1639052606113,114,male,64,43,44,0.9574904064914149,1,1,1633.658842845017,1462.8958457703761,6022.349311135089,1427.0901094027588,6.475259700645422,egocentric,59,1477,12,20.05473084314039,1067.3903700092787,592.3261501845661,142.28840758410206,-10.639387588527656,0.03218141103952775,41.173765937431725,-0.44767640859990154,-48.64100719950514,-1.213890696805262,0.4670034905118994
95,same,shoe,B,L,1638999370455,1639045948390,1353,male,36,44,44,1.0004184157604026,0,0,1633.6552891467763,1462.8963416317017,6022.348623330005,1191.6211966531769,7.894648592933057,othercentric,70,1634,12,37.39293643505332,768.1243906807637,1024.6165084196884,221.89455584057362,10.595111430365161,0.1234599449270457,-56.74213362311725,-0.3184519582989781,-13.90615726343362,-0.8263511346945157,-0.4973269016182142
96,same,kettle,R,B,1639023618465,1638858067629,1760,male,30,44,44,0.8885808949161437,1,1,1633.658349184019,1462.8958308058593,6022.35118508453,1110.301482376696,5.876388157256839,mixed,52,1444,12,26.162104077314744,993.2476458529595,986.5915305876109,210.42940050853136,-9.010379458429021,-0.11700758416765678,12.858834656573745,-0.6221231325378498,-66.20622067838389,-0.39804563556027184,0.4524660215045299
97,different,mushroom,B,L,1639448528824,1639370524755,1705,male,67,44,44,0.9317015439779479,1,0,1633.6596173315231,1462.896188026874,6022.351493109341,1766.1783529808404,6.761673168044745,mixed,57,791,12,55.28988539519918,932.3051754435103,1014.1951983569091,269.13176575626466,10.378257795262007,0.020729438799694473,-25.199550096938257,-0.24748633328199482,-43.6417283125387,-0.26641719756556365,0.5055869439970647
98,same,cap,B,L,1639014920014,1639526959060,4724,female,33,42,44,0.9975548006504109,1,1,1633.6580507279991,1462.896778819688,6022.350637841408,1559.2177132125246,7.988180510475893,mixed,42,1100,12,35.74168960858719,858.2306642708604,888.3928427665841,247.29971767886926,16.57777180735257,0.039677434220227945,54.53116506283227,0.19090662593057584,-7.521058741457452,-0.580914050647597,0.4506779467547992
99,different,mushroom,L,F,1638786488699,1638993974952,748,male,36,44,44,0.9801589887134501,1,0,1633.6590875389538,1462.8957801691213,6022.3477832579765,2951.9123114616573,7.385153396798061,othercentric,56,388,12,12.443752999476056,1209.5711080899528,983.2823944097106,375.03982213999257,-4.539342581344727,-0.019305595701559236,-18.639766122487373,0.3579505890450436,-27.955112257802398,-0.844912298516793,-0.5585696873869508
